"","Função","Programa","Grupo.de.Despesa","Modalidade.de.Aplicação","Resultado.Primário","Projeto.de.Lei","Dotação.Inicial","Dotação.Atual","Empenhado","Liquidado","Pago"
"1","19","0464","3","90","2",0,0,5787850,5098900,5098900,3598401
"2","19","0464","3","90","2",2e+06,2e+06,0,0,0,0
"3","19","0464","3","90","2",3905000,3787850,0,0,0,0
"4","19","0464","4","90","2",0,0,95,92.625,92.625,13.087
"5","19","0464","4","90","2",95,95,0,0,0,0
"6","19","0464","3","90","2",0,0,2902969,2901050,2901050,2393771
"7","19","0464","3","90","2",300,300,0,0,0,0
"8","19","0464","3","90","2",2683473,2602969,0,0,0,0
"9","19","0464","4","90","2",0,0,1503527,1591249,1591249,1423043
"10","19","0464","4","90","2",1503527,1503527,0,0,0,0
"11","19","0464","3","90","2",0,0,1648210,1676197,1676197,1161637
"12","19","0464","3","90","2",200,200,0,0,0,0
"13","19","0464","3","90","2",1493000,1448210,0,0,0,0
"14","19","0464","3","50","2",0,0,355,430.397,430.397,430.397
"15","19","0464","3","90","2",0,0,130,11.6,11.6,11.6
"16","19","0464","3","90","2",500,485,0,0,0,0
"17","19","0464","4","50","2",0,0,95,95,95,95
"18","19","0464","4","90","2",95,95,0,0,0,0
"19","19","0464","3","90","2",0,0,240.202,163.591,163.591,163.591
"20","19","0464","3","90","2",1400000,1260000,0,0,0,0
"21","19","0464","3","50","2",0,0,58.2,58.2,58.2,58.2
"22","19","0464","3","50","2",60,58.2,0,0,0,0
"23","19","0464","3","90","2",0,0,1566550,1535732,1535732,936.437
"24","19","0464","3","90","2",1615000,1566550,0,0,0,0
"25","05","0464","3","7244","2",0,0,132.819,132.819,132.819,132.819
"26","05","0464","3","90","2",7039600,6546828,6414009,3765353,3765353,3086536
"27","05","0464","4","7244","2",0,0,14.624,14.624,14.624,14.624
"28","05","0464","4","90","2",10559400,10559400,10154776,8872251,8872251,7246606
"29","19","0464","3","90","2",195.72,183.977,0,0,0,0
"30","19","0464","3","90","2",1400000,1316000,966,804.23,804.23,669.707
"31","19","0464","3","90","2",5871150,5460170,5583147,4759913,4759913,4739701
"32","19","0464","4","90","2",122.977,122.977,0,0,0,0
"33","19","0464","3","90","2",8441657,7850741,7850741,7914555,7914555,3028073
"34","19","0464","4","90","2",3930123,3930123,3930123,3879522,3879522,2738975
"35","19","0464","3","90","2",1668500,1668500,1668500,1462958,1462958,1040863
"36","19","0464","3","50","2",430,404.2,285.425,263.333,263.333,263.333
"37","19","0464","4","50","2",50,50,83.5,140.84,140.84,140.84
"38","19","0464","4","90","2",0,0,85.275,0,0,0
"39","19","0464","3","90","2",1419000,1376430,1376430,1207232,1207232,1028290
"40","19","0464","3","50","2",0,0,363.289,345.398,345.398,345.398
"41","19","0464","3","90","2",421,395.74,32.451,11.086,11.086,11.086
"42","19","0464","4","50","2",0,0,29,19.68,19.68,19.68
"43","19","0464","4","90","2",29,29,0,0,0,0
"44","19","0464","3","90","2",146.79,146.79,0,0,0,0
"45","19","0464","3","90","2",4035000,3913950,4795795,4722342,4722342,4722342
"46","19","0464","4","90","2",981.845,881.845,0,0,0,0
"47","19","0464","3","90","2",7500000,7275000,6275000,6269715,6269715,4200019
"48","19","0464","4","90","2",3778835,3778835,1058835,1048459,1048459,422.918
"49","19","0464","3","90","2",1668000,1617960,307.96,295.606,295.606,295.606
"50","19","0464","3","90","2",721.4,721.4,721.4,602.088,602.088,468.055
"51","19","0464","4","90","2",547.6,547.6,547.6,483.629,483.629,218.446
"52","19","0464","3","80","2",0,0,127.941,127.941,127.941,127.941
"53","19","0464","3","90","2",2e+06,1940000,1082059,710.34,710.34,339.175
"54","19","0464","4","80","2",0,0,25.376,25.376,25.376,25.376
"55","19","0464","4","90","2",1.1e+07,1.1e+07,2604624,2583514,2583514,1266792
"56","19","0464","3","90","2",1400000,1400000,1100000,1019125,1019125,1019125
"57","19","0464","3","90","2",60,60,60,2.765,2.765,2.765
"58","19","0464","3","90","2",4550000,4550000,4945000,4945000,4945000,4945000
"59","19","0464","3","90","2",7e+06,7e+06,7e+06,6133570,6133570,2187487
"60","19","0464","4","90","2",3672818,3672818,3672818,2942568,2942568,561.588
"61","19","0464","3","90","2",1380700,1380700,1380700,1131326,1131326,356.602
"62","19","0464","3","50","2",50,50,60,54.852,54.852,54.852
"63","19","0464","3","90","2",1683303,1683303,1673303,1404636,1404636,1388578
"64","19","0464","4","90","2",70,70,70,21.753,21.753,21.753
"66","19","0464","3","90","2",888.3,888.3,888.3,811.614,811.614,495.966
"67","19","0464","3","50","2",0,0,332,332,332,332
"68","19","0464","3","80","2",0,0,479.24,469.24,469.24,469.24
"69","19","0464","3","90","2",7177747,7177747,6306507,3380560,3380560,2198859
"70","19","0464","4","50","2",0,0,23,23,23,23
"71","19","0464","4","80","2",0,0,10,10,10,10
"72","19","0464","4","90","2",5067753,5067753,5094753,3665079,3665079,2411158
"73","19","0464","3","90","2",1400000,1400000,1e+06,745.857,745.857,745.857
"74","19","0464","3","90","2",70,70,70,4.328,4.328,4.328
"75","19","0464","4","90","2",20,20,20,0,0,0
"76","19","0464","3","50","2",399.33,399.33,800,800,800,800
"77","19","0464","3","50","2",400.67,400.67,0,0,0,0
"78","19","0464","4","50","2",99.833,99.833,200,200,200,200
"79","19","0464","4","50","2",100.167,100.167,0,0,0,0
"80","19","0464","3","90","2",0,0,1e+06,1e+06,1e+06,0
"81","19","0464","4","90","2",0,0,1.6e+07,1.6e+07,1.6e+07,1.6e+07
"82","19","0464","4","90","2",0,0,4e+06,4e+06,4e+06,0
"83","19","0464","3","90","2",37.8,37.8,37.8,26.967,26.967,26.967
"84","19","0464","3","90","2",2.496,2.496,5,4.443,4.443,4.443
"85","19","0464","3","90","2",2.504,2.504,0,0,0,0
"86","19","0464","3","90","1",22.462,22.462,45,41.027,41.027,41.027
"87","19","0464","3","90","1",22.538,22.538,0,0,0,0
"88","19","0464","3","90","1",39.933,39.933,95,92.046,92.046,92.046
"89","19","0464","3","90","1",40.067,40.067,0,0,0,0
"92","19","0464","3","50","2",27.454,27.454,93.2,93.086,93.086,93.086
"93","19","0464","3","50","2",27.546,27.546,0,0,0,0
"94","19","0464","3","90","2",1458555,1458555,3210803,3210081,3210081,2935368
"95","19","0464","3","90","2",1463448,1463448,0,0,0,0
"96","19","0464","4","50","2",0,0,6.8,6.8,6.8,6.8
"97","19","0464","4","90","2",149.749,149.749,293.2,288.226,288.226,267.902
"98","19","0464","4","90","2",150.251,150.251,0,0,0,0
"99","19","0464","3","90","2",424.288,424.288,5558000,4307041,4307041,222.523
"100","19","0464","3","90","2",0,0,760,760,760,0
"101","19","0464","3","90","2",425.712,425.712,0,0,0,0
"102","19","0464","4","90","2",0,0,540,0,0,0
"103","19","0464","3","90","2",1996652,1996652,0,0,0,0
"104","19","0464","3","90","2",2003348,2003348,0,0,0,0
"105","19","0464","4","90","2",998.326,998.326,0,0,0,0
"106","19","0464","4","90","2",1001674,1001674,0,0,0,0
"107","19","0464","3","90","2",2375266,2375266,4758500,4746682,4746682,2229276
"108","19","0464","3","90","2",2383234,2383234,0,0,0,0
"109","19","0464","4","90","2",1667953,1667953,11741500,4322936,4322936,2658706
"110","19","0464","4","90","2",0,0,2e+06,2e+06,2e+06,586.783
"111","19","0464","4","90","2",1673547,1673547,0,0,0,0
"112","19","0464","3","90","2",42.429,42.429,85,84.645,84.645,40.714
"113","19","0464","3","90","2",42.571,42.571,0,0,0,0
"114","19","0464","3","90","2",698.828,698.828,1400000,1040138,1040138,29.873
"115","19","0464","3","90","2",701.172,701.172,0,0,0,0
"116","19","0464","4","90","2",99.833,99.833,200,106.253,106.253,52.5
"117","19","0464","4","90","2",100.167,100.167,0,0,0,0
"118","19","0464","3","90","2",349.414,349.414,700,468.41,468.41,136.268
"119","19","0464","3","90","2",350.586,350.586,0,0,0,0
"120","19","0464","4","90","2",149.749,149.749,300,260.46,260.46,72.465
"121","19","0464","4","90","2",150.251,150.251,0,0,0,0
"122","19","0464","3","90","2",6489117,6489117,1.3e+07,11999463,11999463,7864463
"123","19","0464","3","90","2",6510883,6510883,0,0,0,0
"124","19","0464","4","90","2",99.833,99.833,200,70.191,70.191,6.361
"125","19","0464","4","90","2",100.167,100.167,0,0,0,0
"126","19","0464","3","90","2",3234743,3234743,9e+06,6404827,6404827,2673046
"127","19","0464","3","90","2",0,0,6770000,6541953,6541953,338.326
"128","19","0464","3","90","2",3245257,3245257,0,0,0,0
"129","19","0464","4","90","2",2156384,2156384,6020000,4130686,4130686,2353130
"130","19","0464","4","90","2",0,0,5e+06,4825762,4825762,622.097
"131","19","0464","4","90","2",2163616,2163616,0,0,0,0
"132","19","0464","3","90","2",436.767,436.767,875,875,875,566.006
"133","19","0464","3","90","2",0,0,1470000,1430753,1430753,0
"134","19","0464","3","90","2",438.233,438.233,0,0,0,0
"135","19","0464","4","90","2",187.186,187.186,375,375,375,130.572
"136","19","0464","4","90","2",187.814,187.814,0,0,0,0
"137","19","0464","3","90","2",499.164,499.164,1150000,1079340,1079340,1079340
"138","19","0464","3","90","2",500.836,500.836,0,0,0,0
"139","05","0464","3","90","2",100,100,100,92.89,92.89,92.89
"140","19","0464","3","50","2",749.79,749.79,749.79,749.79,749.79,749.79
"141","19","0464","4","50","2",700,700,700,700,700,700
"143","19","0464","4","90","2",9e+06,7650000,7650000,7650000,7650000,7650000
"144","19","0464","3","90","2",47.46,47.46,47.46,23.721,23.721,23.721
"145","19","0464","3","90","2",6.5,6.5,6.5,2.85,2.85,2.85
"146","19","0464","3","90","1",56,56,53,31.031,31.031,31.031
"147","19","0464","3","90","1",95,95,98,94.094,94.094,94.094
"148","19","0464","3","90","2",0,330,330,330,330,330
"149","19","0464","4","90","2",0,20,20,20,20,47
"150","19","0464","3","90","2",0,4310000,4310000,4309583,4309583,2981737
"151","19","0464","4","90","2",0,1500000,1500000,1500000,1500000,405.72
"153","19","0464","3","50","2",415,402.55,499.812,499.812,499.812,422.293
"154","19","0464","3","90","2",4266750,4142431,4045169,4043357,4043357,3544233
"155","19","0464","4","90","2",500,500,500,499.881,499.881,488.891
"156","19","0464","3","50","2",0,0,322,322,322,322
"157","19","0464","3","90","2",1260000,1260000,938,938,938,75.028
"158","19","0464","4","90","2",540,540,540,537.712,537.712,785
"159","19","0464","3","90","2",0,860,860,860,860,429.811
"160","19","0464","4","90","2",0,500,500,500,500,287.1
"161","19","0464","3","90","2",0,64990000,64990000,64910540,64910540,40773802
"162","19","0464","4","90","2",0,13132500,13132500,13123290,13123290,5445951
"163","19","0464","3","90","2",5800000,5626000,5626000,5626000,5626000,5626000
"164","19","0464","4","90","2",200,200,200,0,0,0
"165","19","0464","4","90","2",2e+07,3.7e+07,21500000,21509426,21509426,11779411
"166","19","0464","3","90","2",0,4450000,4450000,4445215,4445215,2151622
"167","19","0464","4","90","2",0,1e+06,1e+06,999.4,999.4,338.741
"168","19","0464","3","90","2",0,4465000,4465000,4403349,4403349,2198656
"169","19","0464","4","90","2",0,500,500,461,461,158.555
"170","19","0464","3","90","2",70,70,70,70,70,45.167
"171","19","0464","4","90","2",30,30,30,30,30,30
"172","19","0464","3","50","2",0,0,0,290,290,203
"173","19","0464","3","90","2",1580000,1580000,1580000,1218675,1218675,590.404
"174","19","0464","4","90","2",100,100,100,71.501,71.501,0
"175","19","0464","3","90","2",850,850,850,551.511,551.511,126.469
"176","19","0464","4","90","2",200,200,200,180.305,180.305,32.535
"177","19","0464","3","90","2",0,960,960,960,960,511.111
"178","19","0464","4","90","2",0,100,100,100,100,86.49
"179","19","0464","3","90","2",100,375,375,350.697,350.697,207.409
"180","19","0464","4","90","2",0,100,100,100,100,27.275
"181","19","0464","3","90","2",0,885,885,884.834,884.834,709.001
"182","19","0464","4","90","2",0,100,100,100,100,0
"183","19","0464","3","90","2",16450000,15956500,15956500,15955414,15955414,15707599
"184","19","0464","4","90","2",1050000,1050000,1050000,1049147,1049147,0
"185","19","0464","3","90","2",19978000,19385560,13985560,13903587,13903587,3915797
"186","19","0464","4","90","2",1e+07,8500000,8500000,8629483,8629483,2192347
"187","19","0464","3","90","2",1013000,1013000,1013000,1011778,1011778,543.179
"188","19","0464","3","90","2",0,4785000,4785000,4784267,4784267,4379601
"189","19","0464","4","90","2",0,1e+06,1e+06,1e+06,1e+06,948.624
"190","19","0464","3","90","2",1050000,1050000,11950000,11950000,11950000,11950000
"191","19","0464","3","90","2",577,577,577,564.509,564.509,123.89
"192","19","0464","4","90","2",380,380,380,379.497,379.497,10.501
"193","19","0464","3","90","2",2300000,2300000,0,0,0,0
"194","19","0464","4","90","2",7729000,6569650,0,0,0,0
"195","19","0464","3","90","2",500,500,500,495.473,495.473,262.711
"196","19","0464","4","90","2",500,500,500,496.979,496.979,269.385
"197","19","0464","3","50","2",1443000,1395595,1395595,1200000,1200000,650
"198","19","0464","4","50","2",507,507,402.214,300,300,0
"199","19","0464","4","90","2",0,0,104.786,104.786,104.786,104.786
"200","19","0464","3","90","2",500,500,500,0,0,0
"203","19","0464","4","90","2",1350000,1350000,1350000,1350000,1350000,1350000
"204","19","0464","3","90","2",56.952,56.952,56.952,23.769,23.769,23.769
"205","19","0464","3","90","2",6.5,6.5,6.5,3.681,3.681,3.681
"206","19","0464","3","90","1",56,56,56,35.971,35.971,35.971
"207","19","0464","3","90","1",114,114,114,93.19,93.19,93.19
"208","19","0464","3","90","2",4000001,3791224,3745039,3745036,3745036,3217087
"209","19","0464","3","91","2",0,0,46.185,46.186,46.186,46.186
"210","19","0464","4","90","2",1810000,1810000,1810000,1807348,1807348,725.823
"213","19","0464","3","50","2",120,116.058,282.911,282.333,282.333,282.333
"214","19","0464","3","80","2",0,0,20,20,20,20
"215","19","0464","3","90","2",5325048,5047112,4690843,4475031,4475031,4170763
"216","19","0464","3","91","2",0,0,169.416,168.093,168.093,160.644
"217","19","0464","4","90","2",500,500,500,498.108,498.108,456.138
"218","19","0464","3","50","2",0,0,265,265,265,265
"219","19","0464","3","90","2",5600000,5307712,5042712,5042709,5042709,3423690
"220","19","0464","4","90","2",2600000,2600000,2600000,2514080,2514080,603.289
"221","19","0464","3","90","2",1088000,1052258,1052208,1052208,1052208,481.409
"222","19","0464","3","91","2",0,0,50,50,50,50
"223","19","0464","4","90","2",2272000,2272000,2272000,2272000,2272000,1499741
"224","19","0464","3","90","2",100,100,112,111.337,111.337,111.337
"225","19","0464","3","90","2",52784447,50029398,49974569,49969995,49969995,33646293
"226","19","0464","3","91","2",0,0,54.829,54.629,54.629,29.744
"227","19","0464","4","90","2",32338563,28457936,28457936,28456277,28456277,19637099
"228","19","0464","3","50","2",0,0,2639028,0,0,0
"229","19","0464","3","90","2",5e+06,4739028,100,65.735,65.735,27.515
"230","19","0464","3","90","2",1990363,1924977,1924977,1473430,1473430,184.47
"231","19","0464","4","90","2",20409637,43060481,42260481,32756416,32756416,3184108
"232","19","0464","3","90","2",3691129,3498474,3463153,3462143,3462143,2398313
"233","19","0464","3","91","2",0,0,35.321,35.321,35.321,30.454
"234","19","0464","4","90","2",1450000,1450000,1450000,1449825,1449825,396.549
"235","19","0464","3","90","2",2900861,2749453,2729753,2729750,2729750,2247533
"236","19","0464","3","91","2",0,0,19.7,19.7,19.7,19.7
"237","19","0464","4","90","2",2065000,2065000,2065000,2065000,2065000,1273000
"238","19","0464","3","50","2",0,0,60,60,60,0
"239","19","0464","3","90","2",1580000,1528095,1459696,1459696,1459696,652.05
"240","19","0464","3","91","2",0,0,8.399,8.399,8.399,8.399
"241","19","0464","4","90","2",100,100,100,100,100,0
"242","19","0464","3","90","2",600,600,600,600,600,249.833
"243","19","0464","4","90","2",250,250,250,250,250,5.849
"244","19","0464","3","90","2",960,960,960,960,960,736.281
"245","19","0464","4","90","2",100,100,100,100,100,0
"246","19","0464","3","90","2",350,350,340.9,340.9,340.9,185.774
"247","19","0464","3","91","2",0,0,9.1,9.1,9.1,7.59
"248","19","0464","4","90","2",125,125,125,124.327,124.327,32.727
"249","19","0464","3","90","2",12500000,11847571,11847571,11846662,11846662,9069485
"250","19","0464","4","90","2",1500000,1500000,1500000,1500000,1500000,23.87
"251","19","0464","3","90","2",1.4e+07,13269279,13743403,11329586,11329586,4251235
"252","19","0464","3","91","2",0,0,37.373,37.373,37.373,36.633
"253","19","0464","4","90","2",1.4e+07,12320000,12320000,12143988,12143988,2798060
"254","19","0464","3","90","2",1600000,1547438,1545938,1535455,1535455,872.247
"255","19","0464","3","91","2",0,0,1.5,1.5,1.5,1.5
"256","19","0464","4","90","2",400,400,400,218.589,218.589,36.145
"257","19","0464","3","90","2",340,340,340,339.885,339.885,336.662
"258","19","0464","4","90","2",350,350,350,350,350,131.552
"259","19","0464","3","90","2",1e+06,967.149,0,0,0,0
"260","19","0464","3","90","2",0,0,1.9e+07,16815025,16815025,16815025
"261","19","0464","3","90","2",3e+06,2843417,2843417,1465588,1465588,488.661
"262","19","0464","4","90","2",6700000,5896000,5896000,5805594,5805594,591.303
"263","19","0464","4","90","2",8875000,0,0,0,0,0
"264","19","0464","3","90","2",700,700,645.508,611.647,301.611,291.628
"265","19","0464","3","91","2",0,0,54.492,57.033,2.541,2.541
"266","19","0464","4","90","2",800,800,800,799.978,139.487,139.487
"267","19","0464","3","50","2",1500000,1500000,3780000,300,300,300
"268","19","0464","4","50","2",200,200,420,0,0,0
"269","19","0464","3","90","2",500,500,500,0,0,0
"270","19","0464","3","90","2",1.5e+07,1.5e+07,14184400,13452796,11945604,10692191
"271","19","0464","3","91","2",0,0,0,22,0,0
"272","19","0464","4","90","2",0,1e+07,2e+06,0,0,0
"274","19","0464","4","90","2",700,700,700,0,0,0
"275","19","0464","3","90","2",27.72,27.72,27.72,20.714,20.714,20.714
"276","19","0464","3","90","2",5.7,5.7,5.7,5.296,5.296,5.296
"277","19","0464","3","90","1",45.98,45.98,45.98,27.979,27.979,27.979
"278","19","0464","3","90","1",104.97,104.97,104.97,88.493,88.493,88.493
"279","19","0464","3","90","2",5e+06,5e+06,4946206,4924735,3559943,3559474
"280","19","0464","3","91","2",0,0,53.794,53.794,47.248,47.248
"281","19","0464","4","90","2",2e+06,2e+06,2e+06,1995858,1011361,1011361
"284","19","0464","3","50","2",517,517,317,76.221,76.221,76.221
"285","19","0464","3","90","2",6858622,6858622,6894037,4651218,4476045,4449996
"286","19","0464","3","91","2",0,0,164.585,120.303,112.447,112.447
"287","19","0464","4","90","2",800,800,800,577.999,481.506,481.506
"288","19","0464","3","90","2",5300000,5300000,5300000,5299599,2369386,2369386
"289","19","0464","4","90","2",2600000,2600000,6600000,6587357,708.131,708.131
"290","19","0464","3","90","2",500,500,500,457.963,82.214,82.214
"291","19","0464","3","90","2",300,300,298.41,88.714,52.957,52.957
"292","19","0464","3","91","2",0,0,1.59,1.59,640,640
"293","19","0464","3","90","2",3.1e+07,3.1e+07,36942188,36885186,31902979,31874992
"294","19","0464","3","91","2",0,0,57.812,98.746,85.355,85.355
"295","19","0464","4","90","2",58355000,58355000,56355000,56318224,24625246,24625246
"296","19","0464","3","90","2",4700000,4700000,200,0,0,0
"297","19","0464","3","90","2",5250000,5250000,5250000,5224730,1078275,1057698
"298","19","0464","4","90","2",17250000,17250000,17250000,17092303,2132189,2132189
"299","19","0464","3","90","2",1600000,1600000,1598491,1458513,978.084,978.084
"300","19","0464","3","91","2",0,0,1.509,2.229,1.959,1.959
"301","19","0464","4","90","2",500,500,500,490.727,142.113,136.713
"302","19","0464","3","90","2",4300000,4300000,4300000,3952560,2995980,2995980
"303","19","0464","4","90","2",500,500,500,490.727,440,440
"304","19","0464","3","90","2",1500000,1500000,1500000,1305350,614.283,614.283
"305","19","0464","3","91","2",0,0,0,1.65,150,150
"306","19","0464","4","90","2",100,100,100,100,10.341,10.341
"307","19","0464","3","90","2",350,350,292.69,311.393,239.755,235.26
"308","19","0464","3","91","2",0,0,57.31,5.731,3.816,3.816
"309","19","0464","4","90","2",50,50,50,50,3.5,3.5
"310","19","0464","3","90","2",2445000,2445000,2444620,2244419,1252637,1252637
"311","19","0464","3","91","2",0,0,380,380,380,380
"312","19","0464","4","90","2",200,200,200,195.572,30.171,30.171
"313","19","0464","3","90","2",2320000,2320000,2320000,2124279,1134239,1133807
"314","19","0464","3","91","2",0,0,0,1.8,1.8,1.8
"315","19","0464","4","90","2",500,500,500,482.45,242.315,242.315
"316","19","0464","3","90","2",15800000,15800000,15800000,15629034,1576325,1546883
"317","19","0464","4","90","2",12200000,10370000,10370000,10287320,659.377,623.577
"318","19","0464","3","90","2",2262000,2262000,2262000,2249213,1075351,1035160
"319","19","0464","4","90","2",400,400,400,399.173,0,0
"320","19","0464","3","90","2",5050000,5050000,5050000,5036180,518.653,278.243
"321","19","0464","4","90","2",6493000,5519050,5519050,5404463,123.185,123.185
"322","19","0464","3","90","2",398.497,398.497,398.497,398.178,268.936,248.155
"323","19","0464","3","91","2",0,0,0,1.46,1.46,1.46
"324","19","0464","4","90","2",521.111,521.111,521.111,503.294,380.715,380.715
"325","19","0464","3","90","2",200,200,200,0,0,0
"327","19","0464","3","90","2",1500000,1500000,1485790,1480386,886.711,886.711
"328","19","0464","3","91","2",0,0,14.21,14.21,14.21,14.21
"329","19","0464","3","90","2",1e+06,1e+06,1e+06,999.271,396.064,396.064
"330","19","0464","3","90","2",1e+06,1e+06,1e+06,1e+06,756.376,753.487
"331","19","0464","3","50","2",0,0,0,100,0,0
"332","19","0464","3","90","2",1.2e+07,10800000,10800000,10682258,8973914,8966608
"333","19","0464","3","90","2",28253000,25427700,24315990,24306795,20583811,20338312
"334","19","0464","3","91","2",0,0,111.71,120.427,95.49,95.49
"335","19","0464","4","90","2",41480430,22853086,22853086,22852965,19577032,19577032
"336","19","0464","3","90","2",2e+06,2e+06,2e+06,1755860,1040697,1039157
"337","19","0464","3","91","2",0,0,0,238,0,0
"338","19","0464","4","90","2",1e+07,5200000,5200000,5200000,4300499,4300499
"339","19","0464","3","90","2",0,0,270,0,0,0
"340","19","0464","4","50","2",0,0,0,38740000,0,0
"341","19","0464","4","90","2",0,0,2e+07,1107760,0,0
"342","19","0464","4","91","2",0,0,2e+07,0,0,0
"343","19","0464","3","90","2",23.769,23.769,26.769,25.741,25.741,25.741
"344","19","0464","3","90","2",4.389,4.389,5.705,5.542,5.542,5.542
"345","19","0464","3","90","1",41.203,41.203,36.887,22.499,22.499,22.499
"346","19","0464","3","90","1",93.305,93.305,93.305,88.352,88.352,88.352
"347","19","0464","3","90","2",1500000,1500000,1499270,1496352,1328894,1326302
"348","19","0464","3","91","2",0,0,730,3.33,730,730
"349","19","0464","4","90","2",1e+06,1e+06,1e+06,999.836,903.586,854.206
"353","19","0464","3","50","2",500,450,450,1706829,182.429,182.429
"354","19","0464","3","90","2",6248648,5623784,5569192,3713696,3319645,3319645
"355","19","0464","3","91","2",0,0,54.592,52.494,38.451,38.451
"356","19","0464","4","50","2",0,0,0,500,0,0
"357","19","0464","4","90","2",1e+06,1e+06,1e+06,299.008,18.163,18.163
"358","19","0464","3","90","2",9611947,8650753,8650753,8649887,3401743,3382667
"359","19","0464","4","90","2",8283761,5591821,5591821,5537314,1278250,1278250
"360","19","0464","3","90","2",378,378,108,81.062,31.062,31.062
"361","19","0464","3","90","2",2145302,2145302,2145302,2145302,0,0
"362","19","0464","4","90","2",6900219,4658164,4658164,4658164,0,0
"363","19","0464","3","90","2",1600000,1600000,1598800,1594307,1024332,1021993
"364","19","0464","3","91","2",0,0,1.2,5.424,3.564,3.564
"365","19","0464","4","90","2",500,500,500,499.916,329.941,329.941
"366","19","0464","3","90","2",6650000,5985000,5985000,5917548,4884226,4876465
"367","19","0464","3","91","2",0,0,0,50.54,540,540
"368","19","0464","4","90","2",1050000,787.5,787.5,787.445,723.384,723.384
"369","19","0464","3","50","2",1660000,1660000,1630000,1630000,1630000,1630000
"370","19","0464","3","90","2",0,0,30,30,14.505,14.505
"371","19","0464","4","50","2",690,690,270,270,270,270
"372","19","0464","4","90","2",0,0,420,420,71.714,63.754
"373","19","0464","3","90","2",1660000,1660000,1660000,1659993,1582149,1582149
"374","19","0464","4","90","2",100,100,100,99.598,6.295,6.295
"375","19","0464","3","90","2",2445000,2445000,2445000,2444451,2067319,2046587
"376","19","0464","4","90","2",250,250,250,249.595,198.767,198.767
"377","19","0464","3","90","2",3820000,3438000,3438000,3437728,3136602,3108001
"378","19","0464","4","90","2",1e+06,1e+06,1e+06,997.137,209.715,178.504
"379","19","0464","3","90","2",26340059,23706054,18506054,18273847,2265871,2070523
"380","19","0464","4","90","2",9291086,6272314,6272314,6715274,290.394,290.394
"381","19","0464","3","90","2",2911074,2911074,2691074,1680216,291.191,125.35
"382","19","0464","4","90","2",592.327,592.327,592.327,464.536,21.657,21.657
"383","19","0464","3","90","2",5913636,5322273,4722273,4221211,782.743,718.124
"384","19","0464","4","90","2",7833827,5288370,3868370,3300997,79.777,79.777
"385","19","0464","3","90","2",400,400,400,307.306,240.516,240.516
"386","19","0464","3","91","2",0,0,0,1.46,1.46,1.46
"387","19","0464","4","90","2",500,500,500,499.95,139.402,139.402
"388","19","0464","3","90","2",200,200,200,0,0,0
"389","19","0464","4","30","2",0,0,0,3e+07,0,0
"390","19","0464","4","90","2",0,4e+07,4e+07,39135250,6051881,6027256
"391","19","0464","4","90","2",0,0,6e+07,23546684,0,0
"393","19","0464","3","90","2",2e+06,1500000,1500000,1493803,1276876,1265544
"394","19","0464","3","91","2",0,0,0,6,3.74,3.74
"395","19","0464","4","90","2",1e+06,1e+06,1e+06,1e+06,992.133,992.133
"396","19","0464","3","90","2",2e+06,1e+06,1e+06,998.176,929.593,929.593
"397","19","0464","3","91","2",0,0,0,1.764,0,0
"398","19","0464","4","90","2",1e+06,1e+06,1e+06,999.999,754.578,754.578
"399","19","0464","3","90","2",9e+06,1e+06,1e+06,999.937,999.937,999.937
"400","19","0464","4","90","2",6e+06,6e+06,6e+06,6e+06,5991940,5991940
"401","19","0464","3","90","2",3.4e+07,10800000,24800000,24782556,23613670,23608647
"402","19","0464","3","91","2",0,0,0,17.368,5.224,5.224
"403","19","0464","4","90","2",6e+06,6e+06,6e+06,5999999,5317713,5317713
"404","19","0464","3","50","2",0,0,0,135.8,135.8,135.8
"405","19","0464","3","90","2",2.9e+07,25427700,28999700,28780490,23781656,23770592
"406","19","0464","3","91","2",0,0,0,77.124,63.992,63.992
"407","19","0464","4","90","2",39400000,27999139,27999139,27999139,27719588,27719588
"408","19","0464","3","90","2",1e+06,1e+06,1e+06,999.685,740.314,740.314
"409","19","0464","4","90","2",6e+06,6e+06,6e+06,5999999,5865136,5865136
"410","19","0464","3","90","1",0,0,1,0,0,0
"411","19","0464","3","90","2",2e+07,0,0,0,0,0
"412","19","0464","4","90","2",2e+07,0,0,0,0,0
"413","19","0464","3","90","1",26.149,26.149,26.149,23.72,23.72,23.72
"414","19","0464","3","90","1",7.918,7.918,7.918,6.973,6.973,6.973
"415","19","0464","3","90","1",31.46,31.46,31.46,22.751,22.751,22.751
"416","19","0464","3","90","1",101.64,101.64,101.64,91.414,91.414,91.414
"417","19","0464","3","90","2",2e+06,1500000,1500000,1440870,780.936,780.936
"418","19","0464","3","91","2",0,0,0,59.13,56.698,56.698
"419","19","0464","4","90","2",1e+06,1e+06,1e+06,1e+06,894.221,894.221
"422","19","0464","3","50","2",0,0,0,279.448,215.128,215.128
"423","19","0464","3","90","2",7868195,6073784,6073784,5693782,3603445,3603445
"424","19","0464","3","91","2",0,0,0,51.465,49.74,49.74
"425","19","0464","4","90","2",1e+06,1e+06,1e+06,999.966,86.13,86.13
"426","19","0464","3","90","2",13962229,8650753,8650753,8567842,4317747,4228981
"427","19","0464","3","91","2",0,0,0,90,0,0
"428","19","0464","4","90","2",13179000,9034082,9034082,7054611,1473481,1473481
"429","19","0464","3","90","2",1e+06,378,378,325.889,40.39,40.39
"430","19","0464","3","90","2",1600000,1600000,1600000,1592070,871.66,871.66
"431","19","0464","3","91","2",0,0,0,2.398,1.48,1.48
"432","19","0464","4","90","2",500,500,500,499.895,315.34,315.34
"433","19","0464","3","90","2",6650000,5985000,5985000,5976177,4198634,4195265
"434","19","0464","3","91","2",0,0,0,5.953,1.827,1.827
"435","19","0464","4","90","2",1050000,1050000,1050000,1050000,1050000,1050000
"436","19","0464","3","50","2",0,0,0,1660000,0,0
"437","19","0464","3","90","2",1850000,1660000,1660000,0,0,0
"438","19","0464","4","50","2",0,0,0,500,0,0
"439","19","0464","4","90","2",500,500,500,0,0,0
"440","19","0464","3","50","2",0,0,0,508,0,0
"441","19","0464","3","90","2",1560000,1560000,1560000,521.056,503.607,503.607
"442","19","0464","4","90","2",200,200,200,199.904,65.506,65.506
"443","19","0464","3","90","2",2295000,2295000,2295000,2292341,1881629,1881629
"444","19","0464","4","90","2",250,250,250,246.322,246.322,246.322
"445","19","0464","3","90","2",3820000,3438000,3438000,3408539,2829710,2829710
"446","19","0464","3","91","2",0,0,0,29.444,18.335,18.335
"447","19","0464","4","90","2",750,750,750,749.261,671.246,671.246
"448","19","0464","3","90","2",27200000,23706054,23706054,21196883,3693285,3693285
"449","19","0464","3","91","2",0,0,0,1.275,0,0
"450","19","0464","4","90","2",8e+06,8e+06,8e+06,6750642,1124091,1124091
"451","19","0464","3","90","2",3e+06,2911074,2911074,1398137,178.054,174.332
"452","19","0464","4","90","2",500,500,500,286.841,21.877,21.877
"453","19","0464","3","90","2",6750000,5322273,5322273,3250215,340.181,339.441
"454","19","0464","4","90","2",6250000,6250000,6250000,5466645,491.577,491.577
"455","19","0464","3","90","2",2500000,2500000,2500000,1143348,457.901,452.243
"456","19","0464","4","90","2",900,900,900,641.978,1.808,1.808
"457","19","0464","3","50","2",0,0,200,200,200,200
"458","19","0464","3","90","2",200,200,0,0,0,0
"459","19","0464","3","50","2",0,0,85,85,0,0
"460","19","0464","3","90","2",85,85,0,0,0,0
"461","19","0464","4","50","2",0,0,2237027,2237028,0,0
"462","19","0464","4","90","2",39615000,38915000,32777973,31378295,2112854,2112854
"465","19","0464","3","90","2",3e+06,3e+06,3e+06,2999962,2186437,2186437
"466","19","0464","4","90","2",2e+06,2e+06,2e+06,1999374,799.923,799.923
"467","19","0464","3","90","2",400,400,400,399.838,235.335,235.335
"468","19","0464","4","90","2",1600000,1600000,1600000,1599749,0,0
"469","19","0464","3","90","2",5030000,5030000,5030000,5030000,3065485,3065485
"470","19","0464","4","90","2",3540000,3540000,3540000,3538359,2612060,2612060
"471","19","0464","3","90","2",24200000,24200000,24134000,24133144,16353981,16353981
"472","19","0464","3","91","2",0,0,66,66,66,66
"473","19","0464","4","90","2",15800000,15800000,15800000,15794681,148.969,148.969
"474","19","0464","3","90","2",1.9e+07,1.9e+07,18965171,18965171,15928101,15928101
"475","19","0464","3","91","2",0,0,34.829,34.829,34.829,34.829
"476","19","0464","4","90","2",49400000,48700000,48700000,48700000,24438830,24393480
"477","19","0464","3","90","2",900,900,880.88,871.793,292.974,292.974
"478","19","0464","3","91","2",0,0,19.12,19.12,11.096,11.096
"479","19","0464","4","90","2",6100000,6100000,6100000,6037273,3582372,3582372
"480","19","0464","3","90","2",1e+06,1e+06,1e+06,447,447,447
"481","19","0464","3","90","1",5.418,5.418,5.418,4.251,4.251,4.251
"482","19","0464","3","90","1",28.56,28.56,47.62,42.337,42.337,42.337
"483","19","0464","3","90","1",7.98,7.98,7.98,7.363,7.363,7.363
"484","19","0464","3","90","1",21.6,21.6,23.704,21.789,21.789,21.789
"485","19","0464","3","90","1",83.592,83.592,178.295,174.495,174.495,174.495
"486","19","0464","3","90","2",2460000,2460000,2397356,2396792,1192964,1192964
"487","19","0464","3","91","2",0,0,62.644,62.645,62.645,62.645
"488","19","0464","4","90","2",1040000,1040000,1040000,1039431,224.512,224.512
"491","19","0464","3","50","2",0,0,6828832,6828832,3652832,3652832
"492","19","0464","3","90","2",8068195,8068195,4406766,4307859,3935945,3935945
"493","19","0464","3","91","2",0,0,32.597,32.097,25.653,25.653
"494","19","0464","4","90","2",1800000,1800000,1800000,518.28,517.684,517.684
"495","19","0464","3","90","2",16216229,16216229,14016229,12962110,5770764,5770494
"496","19","0464","4","90","2",8225000,8225000,8225000,8101267,779.654,778.754
"497","19","0464","3","90","2",2500000,2500000,2466560,2458499,614.765,614.765
"498","19","0464","3","91","2",0,0,33.44,33.44,8.951,8.951
"499","19","0464","4","90","2",600,600,600,599.348,132.581,97.581
"500","19","0464","3","90","2",8350000,8350000,8349879,8349639,5340944,5340944
"501","19","0464","3","91","2",0,0,121,121,121,121
"502","19","0464","4","90","2",2850000,2850000,2850000,2849684,1748142,1738142
"503","19","0464","3","50","2",1850000,1850000,1840000,1840000,1701000,1701000
"504","19","0464","3","90","2",0,0,10,0,0,0
"505","19","0464","4","50","2",500,500,500,500,500,500
"506","19","0464","3","50","2",0,0,1046000,1046000,1046000,1046000
"507","19","0464","3","90","2",1407000,1407000,361,354.408,354.408,354.408
"508","19","0464","4","50","2",0,0,353,353,353,353
"509","19","0464","4","90","2",353,353,0,0,0,0
"510","19","0464","3","90","2",1295000,1295000,1294680,1294680,572.64,572.64
"511","19","0464","3","91","2",0,0,320,320,320,320
"512","19","0464","4","90","2",1250000,1250000,1250000,1249054,371.126,301.826
"513","19","0464","3","90","2",3200000,3200000,3196304,3175482,1209485,1209485
"514","19","0464","3","91","2",0,0,3.696,3.696,2.16,2.16
"515","19","0464","4","90","2",1800000,1800000,1800000,1782199,416.224,406.224
"516","19","0464","3","90","2",27600000,27600000,27598633,23553400,2521937,2361937
"517","19","0464","3","91","2",0,0,1.367,1.367,277,277
"518","19","0464","4","90","2",7100000,7100000,5100000,3559578,516.579,488.654
"519","19","0464","3","90","2",3e+06,3e+06,3e+06,1830310,636.519,624.306
"520","19","0464","4","90","2",500,500,500,0,0,0
"521","19","0464","3","90","2",5050000,5050000,4297500,2452738,1331062,1331062
"522","19","0464","4","90","2",7950000,7950000,7402500,4211280,508.964,497.4
"523","19","0464","4","90","2",3400000,3400000,3060000,1626494,445.578,445.578
"524","19","0464","3","50","2",0,0,200,200,200,200
"525","19","0464","3","90","2",200,200,0,0,0,0
"526","19","0464","4","50","2",0,0,7470318,7470318,6250760,6250760
"527","19","0464","4","90","2",39700000,39700000,32229682,32218533,21505770,21397809
"529","19","0464","4","90","2",9270000,9270000,9270000,9210792,4764009,2870916
"530","19","0464","4","90","2",2e+06,2e+06,2e+06,2e+06,0,0
"531","19","0464","4","90","2",4e+06,4e+06,3600000,3600000,0,0
"532","19","0464","3","90","2",0,27600000,24575143,24506537,10729053,10706270
"533","19","0464","3","91","2",0,0,169.156,169.155,4.449,4.449
"534","19","0464","4","90","2",4e+07,12400000,12400000,12400000,7104958,6218438
"535","19","0464","3","90","2",0,1.5e+07,14969387,14859474,8528351,8528351
"536","19","0464","3","91","2",0,0,30.613,30.613,0,0
"537","19","0464","4","90","2",6e+07,4.5e+07,3.9e+07,37378000,14261911,12613547
"538","19","0464","3","90","2",0,5100000,5087267,4185154,1494763,1494763
"539","19","0464","3","91","2",0,0,12.733,12.733,0,0
"540","19","0464","4","90","2",15700000,10600000,9030000,7543838,935.009,470.987
"541","19","0464","4","90","2",500,500,450,0,0,0
"542","19","0464","3","90","2",1e+06,1e+06,900,100,0,0
"543","19","0464","3","90","1",5.418,5.418,5.418,0,0,0
"544","19","0464","3","90","1",47.532,47.532,47.532,44.193,44.193,44.193
"545","19","0464","3","90","1",7.356,7.356,8.356,7.975,7.975,7.975
"546","19","0464","3","90","1",21.708,21.708,28.708,21.371,21.371,21.371
"547","19","0464","3","90","1",172.944,172.944,178.944,176.596,176.596,176.596
"548","19","0464","3","90","2",2460000,2460000,2378891,1578974,673.991,291.804
"549","19","0464","3","91","2",0,0,81.109,81.109,3.976,3.976
"550","19","0464","4","90","2",1040000,1040000,1040000,1039760,38.922,38.922
"553","19","0464","3","50","2",0,0,341,341,341,341
"554","19","0464","3","90","2",12482318,12482318,11641318,11615959,6902887,6902887
"555","19","0464","3","91","2",0,0,0,13.631,9.581,9.581
"556","19","0464","4","90","2",4450000,4450000,2850000,648.987,218.753,218.753
"557","19","0464","3","90","2",14547106,14547106,14197106,12043052,6103284,5702680
"558","19","0464","4","90","2",7450000,7450000,7267000,6655296,1360542,837.864
"559","19","0464","3","90","2",2500000,2500000,2499680,1579598,532.747,532.747
"560","19","0464","3","91","2",0,0,320,280,280,280
"561","19","0464","4","90","2",600,600,600,594.954,74.716,74.716
"562","19","0464","3","90","2",8350000,8350000,8350000,8081466,5976669,5976669
"563","19","0464","4","90","2",2850000,2850000,2850000,2841160,3.898,3.898
"564","19","0464","3","50","2",1850000,1850000,1850000,1850000,1850000,1850000
"565","19","0464","4","50","2",500,500,324,323.38,323.38,323.38
"566","19","0464","3","50","2",0,0,873.37,873.37,873.37,873.37
"567","19","0464","3","90","2",1407000,1407000,357.63,303.379,303.379,303.379
"568","19","0464","4","50","2",0,0,353,353,353,353
"569","19","0464","4","90","2",353,353,0,0,0,0
"570","19","0464","3","90","2",1295000,1295000,1295000,1137781,700.279,700.279
"571","19","0464","4","90","2",1250000,1250000,1250000,1249824,783.433,783.433
"572","19","0464","3","90","2",3200000,3200000,3200000,3021882,2319709,2317773
"573","19","0464","4","90","2",1800000,1800000,1800000,1799058,397.525,397.525
"574","19","0464","3","90","2",9855000,9855000,9854470,9842282,4174575,2490319
"575","19","0464","3","91","2",0,0,530,530,0,0
"576","19","0464","4","90","2",6375000,6375000,6375000,6453379,394.041,394.041
"577","19","0464","3","90","2",2753000,2753000,2753000,2440761,1618974,759.609
"578","19","0464","4","90","2",397,397,397,129.675,5.285,5.285
"579","19","0464","3","90","2",2565000,2565000,2565000,2543929,683.515,683.515
"580","19","0464","4","90","2",4135000,4135000,3465000,2036515,5.64,5.64
"581","19","2056","3","90","2",865,865,865,287.897,235.085,234.549
"582","19","2056","4","90","2",2735000,2735000,2735000,1790749,69.002,69.002
"583","19","2056","3","90","2",850,850,850,0,0,0
"584","19","2056","4","90","2",150,150,150,0,0,0
"585","19","2056","4","50","2",0,0,2775349,2775350,2775350,2775350
"586","19","2056","4","90","2",82011455,112011455,137802591,109210945,21512584,21512094
"587","19","2056","3","90","2",500,500,500,500,350,350
"588","19","2056","4","90","2",5500000,5500000,5500000,5498695,3274028,3190618
"589","19","2056","3","90","2",200,200,200,200,0,0
"590","19","2056","3","90","2",200,200,200,200,200,200
"591","19","2056","3","90","2",26130000,25615500,7566508,7497772,6614701,6614701
"592","19","2056","3","91","2",0,0,48.992,48.993,6.355,6.355
"593","19","2056","4","90","2",10870000,10870000,32870000,21815650,10494238,10338501
"594","19","2056","3","90","2",3e+06,3e+06,3e+06,2425728,2385728,2338551
"595","19","2056","3","90","2",17488200,17124098,17124098,16476903,14727906,14727906
"596","19","2056","4","90","2",39500000,39500000,35500000,14907794,9279982,8884921
"597","19","2056","3","90","2",200,200,200,200,200,200
"598","19","2056","3","50","2",0,0,1e+06,1e+06,1e+06,1e+06
"599","19","2056","3","90","2",3e+06,3e+06,2e+06,1523986,97.5,97.5
"600","19","2056","3","90","2",3380000,3380000,3224905,1696272,1036927,1036927
"601","19","2056","3","91","2",0,0,155.095,122.269,0,0
"602","19","2056","4","90","2",620,620,620,201.198,42.597,42.597
"603","19","2056","3","90","2",200,200,200,85.63,0,0
"604","19","2056","4","90","2",0,0,3910848,0,0,0
"605","19","2056","4","90","2",0,0,1023016,0,0,0
"606","19","2056","4","90","2",0,0,5464952,0,0,0
"607","19","2056","4","90","2",0,0,18956240,0,0,0
"608","19","2056","3","90","2",2350000,2350000,2297613,1306683,1171968,1171968
"609","19","2056","3","91","2",110,110,162.387,52.387,40.519,40.519
"610","19","2056","4","90","2",1040000,1040000,1040000,593.029,245.49,245.49
"611","19","2056","3","90","2",17180814,16865222,16865222,13455247,8894693,8872156
"612","19","2056","4","90","2",7819186,7819186,7819186,3259127,1419260,1300853
"613","19","2056","3","90","2",3500000,3500000,3500000,2027393,1316347,1316347
"614","19","2056","4","90","2",1500000,1500000,1500000,533.8,262.289,262.289
"615","19","2056","3","90","2",6620000,6620000,6588087,4172886,3119822,3113231
"616","19","2056","3","91","2",0,0,31.913,31.913,0,0
"617","19","2056","4","90","2",4580000,4580000,4580000,4278010,1956348,1493100
"618","19","2056","3","50","2",0,0,2325765,2325765,2325765,2325765
"619","19","2056","3","90","2",4125765,4125765,1800000,0,0,0
"620","19","2056","4","50","2",0,0,874.235,874.235,874.235,874.235
"621","19","2056","4","90","2",874.235,874.235,0,0,0,0
"622","19","2056","3","50","2",0,0,2525765,2525765,2525765,2525765
"623","19","2056","3","90","2",4125765,4125765,1600000,323.104,323.104,323.104
"624","19","2056","4","50","2",0,0,874.235,874.235,874.235,874.235
"625","19","2056","4","90","2",874.235,874.235,0,0,0,0
"626","19","2056","3","90","2",815,815,815,399.803,399.803,399.803
"627","19","2056","4","90","2",1730000,1730000,1730000,589.249,387.769,387.769
"628","19","2056","3","90","2",3270000,3270000,3268745,2484375,1949462,1949462
"629","19","2056","3","91","2",0,0,1.255,1.255,1.255,1.255
"630","19","2056","4","90","2",1730000,1730000,1730000,583.133,42.311,42.311
"631","19","2056","3","50","2",0,0,14107530,14107530,14107530,14107530
"632","19","2056","3","90","2",22931500,22489030,8380939,8227510,1359985,1099883
"633","19","2056","3","91","2",0,0,561,561,561,561
"634","19","2056","4","50","2",0,0,3068500,3068500,3068500,3068500
"635","19","2056","4","90","2",3068500,3068500,0,0,0,0
"636","19","2056","3","90","2",3500000,3500000,3500000,995.605,962.934,962.934
"637","19","2056","3","50","2",0,0,1477177,1477177,1477177,1477177
"638","19","2056","3","90","2",2548457,2548457,1071280,118.656,79.717,79.717
"639","19","2056","4","50","2",0,0,3141338,3141339,3141339,3141339
"640","19","2056","4","90","2",7451543,7451543,4310205,2085985,0,0
"645","19","2106","3","90","1",5.418,5.418,5.418,0,0,0
"649","19","2106","3","50","2",25,25,620.631,595.631,595.631,595.631
"650","19","2106","3","90","2",12441981,12274044,11634572,6603531,6183358,6153773
"651","19","2106","3","90","2",25.648,25.648,25.648,0,0,0
"652","19","2106","3","91","2",0,0,43.841,43.841,28.75,28.75
"653","19","2106","4","90","2",4530000,4530000,4530000,4529531,106.268,106.268
"654","19","2106","4","90","2",0,0,833.333,0,0,0
"655","19","2106","3","90","1",45.6,45.6,45.6,43.738,43.738,43.738
"656","19","2106","3","90","1",8.4,8.4,8.4,6.622,6.622,6.622
"657","19","2106","3","90","1",30,30,30,19.727,19.727,19.727
"658","19","2106","3","90","1",180,180,180,174.855,174.855,174.855
"659","19","2056","4","90","2",85699455,90699455,90699455,86701211,25255620,25255620
"660","19","2056","3","90","2",2460000,2460000,2393000,2381580,1514404,1503508
"661","19","2056","3","91","2",0,0,67,67,42.278,42.278
"662","19","2056","4","90","2",1347332,1347332,1347332,1294970,275.882,275.882
"663","19","2056","3","90","2",5703000,5703000,5703000,5190521,3409516,3403524
"664","19","2056","4","90","2",2880000,2880000,2880000,2877506,2409523,2409523
"665","19","2056","3","90","2",13397246,13397246,13397246,12805976,6991432,6575244
"666","19","2056","4","90","2",5372614,5372614,5942038,5053342,1758208,1756908
"667","19","2056","3","30","2",73.4,73.4,0,0,0,0
"668","19","2056","3","90","2",796,796,869.4,561.437,396.507,396.507
"669","19","2056","4","90","2",2132600,2132600,1563176,1396206,430.13,430.13
"670","19","2056","3","50","2",0,0,380,380,380,380
"671","19","2056","3","90","2",2695000,2695000,2314154,762.937,449.542,448.614
"672","19","2056","3","91","2",0,0,846,847,847,847
"673","19","2056","3","50","2",0,0,20919029,20919030,20919030,20919030
"674","19","2056","3","90","2",22489030,22489030,1570001,1389199,381.05,167.875
"675","19","2056","4","50","2",0,0,3069048,3069048,3069048,3069048
"676","19","2056","4","90","2",3069048,3069048,0,0,0,0
"677","19","2056","3","90","2",815,815,815,614.396,492.494,492.494
"678","19","2056","4","90","2",1730000,1730000,1730000,1728896,784.23,784.23
"679","19","2056","3","50","2",0,0,3232739,3232740,2295740,2295740
"680","19","2056","3","90","2",4383000,4383000,62.261,0,0,0
"681","19","2056","4","50","2",0,0,1204260,1204260,1204260,1204260
"682","19","2056","4","90","2",1461000,1461000,740,0,0,0
"683","19","2056","3","50","2",0,0,2e+06,2e+06,0,0
"684","19","2056","3","90","2",3320000,3320000,497,220.2,220.2,220.2
"685","19","2056","4","90","2",680,680,3,0,0,0
"686","19","2056","3","90","2",3270000,3270000,3270000,2839007,2158583,2158583
"687","19","2056","4","90","2",2191000,2191000,2191000,2146997,196.933,196.933
"688","19","2056","3","50","2",0,0,2522000,2522000,2522000,2522000
"689","19","2056","3","90","2",2042145,2042145,2041240,741.112,137.468,137.468
"690","19","2056","3","91","2",0,0,905,906,906,906
"691","19","2056","4","50","2",0,0,6868000,6868000,6868000,6868000
"692","19","2056","4","90","2",5657855,5657855,1067855,990.516,21.395,21.395
"693","19","2056","3","50","2",0,0,2897000,2897000,1e+06,1e+06
"694","19","2056","3","90","2",1922000,1922000,69,25,25,25
"695","19","2056","3","90","2",3e+06,3e+06,2124680,2112938,1556714,1551077
"696","19","2056","3","91","2",0,0,320,320,320,320
"697","19","2056","4","90","2",3175000,3175000,1050000,1048770,522.066,505.157
"698","19","2056","3","90","2",3500000,3500000,2720000,2320343,1156275,1156275
"699","19","2056","4","90","2",1500000,1500000,2280000,2268004,313.364,313.364
"700","19","2056","3","90","2",400,400,400,0,0,0
"701","19","2056","3","90","2",500,500,500,500,0,0
"702","19","2056","4","90","2",3961000,3961000,3961000,3956620,2139684,1925716
"703","19","2056","3","90","2",200,200,200,119.987,119.987,119.987
"704","19","2056","3","90","2",200,200,200,199.978,199.978,199.978
"705","19","2056","3","90","2",12281150,12281150,12281150,12277846,4440944,4440944
"706","19","2056","4","90","2",31268350,31268350,16074131,16019342,371.777,371.777
"707","19","2056","3","90","2",2e+06,2e+06,2e+06,1979954,1915230,1915230
"708","19","2056","3","90","2",12275230,12275230,12275230,12053189,7863128,7863128
"709","19","2056","4","90","2",20958868,20958868,36153087,36153087,17754062,17684495
"710","19","2056","3","90","2",200,200,200,199.978,199.978,199.978
"711","19","2056","3","90","2",2780500,2780500,2775565,2745848,2293982,2293982
"712","19","2056","3","91","2",0,0,4.935,4.934,4.934,4.934
"713","19","2056","4","90","2",680.5,680.5,680.5,670.932,22.061,22.061
"717","19","2106","3","90","2",300,300,300,0,0,0
"718","19","2106","3","50","2",0,0,2208248,2208248,2208248,2208248
"719","19","2106","3","90","2",13217342,13217342,10829297,10516319,6027207,5973017
"720","19","2106","3","90","2",22.287,22.287,22.287,0,0,0
"721","19","2106","3","91","2",0,0,179.797,179.797,167.87,167.87
"722","19","2106","4","90","2",2500000,2500000,2500000,1464448,995.788,995.788
"723","19","2106","3","90","1",46.8,46.8,46.8,42.091,42.091,42.091
"724","19","2106","3","90","1",6.632,6.632,6.632,6.632,0,0
"725","19","2106","3","90","1",8.4,8.4,8.4,3.857,3.857,3.857
"726","19","2106","3","90","1",22.8,22.8,22.8,18.618,18.618,18.618
"727","19","2106","3","90","1",168,168,239,227.998,227.998,227.998
"728","19","2056","4","90","2",90699455,90699455,90696228,56189372,893.722,893.722
"729","19","2056","4","91","2",0,0,3.227,3.227,3.227,3.227
"730","19","2056","3","90","2",2194255,2194255,2205255,1642779,884.829,884.829
"731","19","2056","3","91","2",81,81,70,70,3.46,3.46
"732","19","2056","4","90","2",1532077,1532077,1532077,1530523,618.016,612.697
"733","19","2056","3","90","2",15937360,15937360,15937360,15876640,8360688,7472101
"734","19","2056","4","90","2",2832500,2832500,2832500,2691233,333.63,333.63
"735","19","2056","3","90","2",1310000,1310000,1285000,866.475,659.938,659.938
"736","19","2056","3","91","2",0,0,25,25,0,0
"737","19","2056","4","90","2",690,690,690,711.986,217.861,217.861
"738","19","2056","3","90","2",965,965,964.94,896.213,632.86,632.86
"739","19","2056","3","91","2",0,0,60,60,60,60
"740","19","2056","4","90","2",835,835,835,834.258,416.521,416.521
"741","19","2056","3","90","2",3768000,3768000,3768000,3539324,2659476,2659476
"742","19","2056","4","90","2",3015000,3015000,3015000,3003037,332.407,332.407
"743","19","2056","3","50","2",0,0,154.712,154.712,0,0
"744","19","2056","3","90","2",2695000,2695000,2540288,2538306,610.991,610.991
"745","19","2056","3","50","2",0,0,13039626,13039626,12491446,12491446
"746","19","2056","3","90","2",13594957,13594957,555.331,571.965,92.957,92.957
"747","19","2056","4","50","2",0,0,4.422,4.422,0,0
"748","19","2056","4","90","2",1963121,1963121,1958699,2252100,167.158,167.158
"749","19","2056","3","50","2",0,0,1500000,1500000,0,0
"750","19","2056","3","90","2",1500000,1500000,0,0,0,0
"751","19","2056","4","50","2",0,0,8500000,8500000,0,0
"752","19","2056","4","90","2",8500000,8500000,0,0,0,0
"753","19","2056","3","90","2",815,815,815,548.622,542.997,542.997
"754","19","2056","4","90","2",1730000,1730000,1730000,1724500,548.389,548.389
"755","19","2056","3","50","2",0,0,2760795,2760795,2760795,2760795
"756","19","2056","3","90","2",4383000,4383000,1622205,32.6,32.6,32.6
"757","19","2056","4","50","2",0,0,239.204,239.205,239.205,239.205
"758","19","2056","4","90","2",1461000,1461000,1,0,0,0
"759","19","2056","3","90","2",3320000,3320000,542,140.953,140.953,140.953
"760","19","2056","4","90","2",680,680,0,0,0,0
"761","19","2056","3","90","2",3761000,3761000,3761000,3278520,2577126,2577126
"762","19","2056","4","90","2",1700000,1700000,1700000,1685333,179.402,179.402
"763","19","2056","3","50","2",0,0,459.524,459.525,0,0
"764","19","2056","3","90","2",2042145,2042145,1582621,1519986,484.566,484.566
"765","19","2056","4","50","2",0,0,6424422,6424422,0,0
"766","19","2056","4","90","2",5657855,5657855,1135228,1275751,132.543,132.543
"767","19","2056","3","50","2",0,0,2559320,2559320,2500799,2500799
"768","19","2056","3","90","2",1922000,1922000,2140680,1740245,203.962,203.962
"769","19","2056","3","90","2",1970000,1970000,1970000,1820537,1332073,1216937
"770","19","2056","4","90","2",1030000,1030000,1030000,1029807,299.447,299.447
"771","19","2056","3","90","2",3500000,3500000,3500000,2400701,1351309,1351309
"772","19","2056","4","90","2",1500000,1500000,1500000,1486919,285.042,285.042
"773","19","2056","3","90","2",200,200,1200000,0,0,0
"774","19","2056","4","90","2",0,0,6438567,0,0,0
"775","19","2056","3","90","2",561,561,0,0,0,0
"776","19","2056","4","90","2",3900000,3900000,3357845,3357844,3306844,3306844
"777","19","2056","3","90","2",17314930,17314930,19341430,19282774,9151487,7705688
"778","19","2056","4","90","2",26234570,26234570,6495101,6494171,954.702,954.702
"779","19","2056","3","90","2",15778177,15778177,17243677,17079988,12084167,12084167
"780","19","2056","4","90","2",23432921,23432921,37805978,37475018,20281391,20281391
"781","19","2056","3","90","2",200,200,0,0,0,0
"782","19","2056","3","90","2",3731000,3731000,0,0,0,0
"783","19","2056","4","90","2",530,530,0,0,0,0
"784","19","2106","3","90","1",0,20,0,0,0,0
"785","19","2106","3","90","1",0,0,20,0,0,0
"789","19","2106","3","90","1",7.2,0,0,0,0,0
"790","19","2106","3","90","1",24,0,0,0,0,0
"791","19","2106","3","90","1",240,0,0,0,0,0
"792","19","2106","3","90","1",20,0,0,0,0,0
"793","19","2106","3","90","2",300,300,300,0,0,0
"794","19","2106","3","50","2",0,0,131.465,131.466,0,0
"795","19","2106","3","80","2",0,0,1.162,1.163,1.163,1.163
"796","19","2106","3","90","2",12043149,12043149,11836384,11509251,7291060,7291060
"797","19","2106","3","90","2",32.138,32.138,32.138,0,0,0
"798","19","2106","3","91","2",0,0,74.138,74.137,46.234,46.234
"799","19","2106","4","50","2",0,0,693.534,693.534,0,0
"800","19","2106","4","90","2",3664342,3664342,2970808,2041187,666.328,637.348
"801","19","2106","3","90","1",48,48,68,66.34,66.34,66.34
"802","19","2106","3","90","1",11.796,11.796,9.796,9.796,9.796,9.796
"803","19","2106","3","90","1",0,7.2,0,0,0,0
"804","19","2106","3","90","1",0,0,7.2,4.204,4.204,4.204
"805","19","2106","3","90","1",0,24,0,0,0,0
"806","19","2106","3","90","1",0,0,30,29.024,29.024,29.024
"807","19","2106","3","90","1",0,240,0,0,0,0
"808","19","2106","3","90","1",0,0,260,246.97,246.97,246.97
"809","19","2056","4","90","2",1.5e+07,1.5e+07,1.5e+07,14548967,1417154,1031500
"810","19","2056","3","90","2",1823000,1739872,1660630,1603819,1383498,1383498
"811","19","2056","3","91","2",75,75,154.242,104.242,65.105,65.105
"812","19","2056","4","90","2",1910000,1910000,1910000,1719000,968.175,60.105
"813","19","2056","3","90","2",15900130,15175084,15396693,14359289,6886973,5570652
"814","19","2056","4","90","2",2869730,2869730,2869730,3117541,132.259,39.509
"815","19","2056","3","90","2",1115000,1064156,846.565,549.066,456.232,456.232
"816","19","2056","3","91","2",15,15,10.982,637,637,637
"817","19","2056","4","90","2",870,870,870,689.823,205.559,205.559
"818","19","2056","3","90","2",900,858.96,858.96,858.96,830.707,830.707
"819","19","2056","4","90","2",900,900,900,900,0,0
"820","19","2056","3","90","2",4084000,3897769,3897769,3897737,3829671,3819596
"821","19","2056","4","90","2",2699000,2699000,2699000,2206868,237.427,0
"822","19","2056","3","90","2",4395000,4395000,2874608,989.311,595.84,595.788
"823","19","2056","3","90","2",1094957,1094957,1035484,545.28,126.48,126.347
"824","19","2056","4","90","2",4463121,4463121,816.349,535.104,63.367,63.367
"825","19","2056","3","50","2",0,0,3241487,3241488,0,0
"826","19","2056","3","90","2",4500000,4500000,2838378,2806810,81.771,81.771
"827","19","2056","4","50","2",0,0,29146772,29146772,0,0
"828","19","2056","4","90","2",25500000,25500000,0,0,0,0
"829","19","2056","3","90","2",1025000,978.259,978.259,978.005,965.863,874.09
"830","19","2056","4","90","2",1520000,1520000,1520000,1057699,3.157,3.157
"831","19","2056","3","90","2",400,381.759,381.759,381.725,359.751,359.751
"832","19","2056","4","90","2",100,100,100,99.691,31.534,31.534
"833","19","2056","3","90","2",4383000,4183141,0,0,0,0
"834","19","2056","4","90","2",1461000,1461000,0,0,0,0
"835","19","2056","3","50","2",0,0,56,0,0,0
"836","19","2056","3","90","2",3320000,3168607,1121551,0,0,0
"837","19","2056","4","90","2",680,680,0,0,0,0
"838","19","2056","3","90","2",2843000,2713359,2710221,2387562,2134075,2133375
"839","19","2056","3","91","2",0,0,3.138,3.138,3.138,3.138
"840","19","2056","4","90","2",2618000,2618000,2618000,1977195,655.191,655.191
"841","19","2056","3","50","2",0,0,1653423,1653423,0,0
"842","19","2056","3","90","2",1909600,1822522,822.999,249.516,107.432,107.432
"843","19","2056","4","50","2",0,0,16055955,16055955,4500000,4500000
"844","19","2056","4","90","2",18090400,18090400,1380545,26.948,3.88,3.88
"845","19","2056","3","90","2",1922000,1834356,7410597,7410597,0,0
"846","19","2056","4","90","2",0,0,2794900,2464254,0,0
"847","19","2056","3","90","2",2810000,2681863,2681863,2678703,2300280,2107575
"848","19","2056","4","90","2",3190000,3190000,3190000,2118089,334.011,334.011
"849","19","2056","3","90","2",2500000,2385999,2385999,1848002,1662406,1656215
"850","19","2056","4","90","2",2500000,2500000,2500000,2150000,176.482,176.482
"851","19","2056","3","90","2",800,763.52,763.52,0,0,0
"852","19","2056","4","90","2",4e+06,4e+06,454.439,0,0,0
"853","19","2056","3","90","2",8730000,8331912,531.912,0,0,0
"854","19","2056","4","90","2",12491000,12491000,271,0,0,0
"855","19","2056","3","90","2",2e+06,1908800,0,0,0,0
"856","19","2056","4","90","2",2461000,2461000,2408940,0,0,0
"857","19","2056","3","50","2",0,0,631.554,631.555,1,1
"858","19","2056","3","90","2",15550000,14840920,21918166,21918164,14376977,13646451
"859","19","2056","4","50","2",0,0,22100644,22100644,0,0
"860","19","2056","4","90","2",2e+07,2e+07,1496977,1407242,355.558,355.558
"861","19","2056","3","90","2",3750000,3579000,3579000,3578407,3198275,2638074
"862","19","2056","4","90","2",1.5e+07,1.5e+07,1.5e+07,7738000,1694000,0
"863","19","2056","3","90","2",5e+06,4772000,784.146,0,0,0
"864","19","2056","4","90","2",5e+06,5e+06,0,0,0,0
"865","19","2056","3","90","2",1e+06,954.4,954.4,0,0,0
"866","19","2056","3","90","2",3890000,3890000,3890000,3890000,0,0
"867","19","2056","4","90","2",37010000,37010000,13830000,12603000,0,0
"868","19","2106","3","90","1",21.204,21.204,21.204,0,0,0
"873","19","2106","3","90","2",270,270,270,120,0,0
"874","19","2106","3","50","2",0,0,200,200,200,200
"875","19","2106","3","80","2",0,0,7.546,7.546,7.546,7.546
"876","19","2106","3","90","2",13001288,13001288,12741241,12009693,8094315,7825370
"877","19","2106","3","90","2",32.512,32.512,32.512,0,0,0
"878","19","2106","3","91","2",0,0,52.501,47.5,45.95,45.95
"879","19","2106","4","50","2",0,0,2599905,2599905,0,0
"880","19","2106","4","90","2",4812313,4812313,2212408,1860559,1085273,1085273
"881","19","2106","3","90","1",96,96,96,95.618,77.302,77.302
"882","19","2106","3","90","1",26.52,26.52,26.52,15.139,6.376,6.376
"883","19","2106","3","90","1",6,6,6,3.783,3.783,3.783
"884","19","2106","3","90","1",33.6,33.6,33.6,28.128,28.128,28.128
"885","19","2106","3","90","1",264,264,264,240.263,240.263,240.263
"886","19","2056","4","90","2",1.3e+07,12506490,7506490,7506490,898.862,898.862
"887","19","2056","3","90","2",3519947,3188362,1377603,1040225,513.59,504.109
"888","19","2056","4","90","2",0,0,1033550,962.276,0,0
"889","19","2056","3","90","2",1e+06,905.797,350.933,204.795,44.193,44.193
"890","19","2056","4","90","2",1134169,1091115,2403604,2383096,1008924,1008386
"891","19","2056","3","90","2",0,0,480,480,44.9,44.9
"892","19","2056","4","50","2",0,0,3820739,3820739,0,0
"893","19","2056","4","90","2",1.5e+07,14430565,784.75,0,0,0
"894","19","2056","3","90","2",14023144,12702135,14663226,14553193,6718890,6704703
"895","19","2056","4","90","2",2869730,2760788,7058975,6721787,864.601,676.332
"896","19","2056","3","90","2",895,810.689,735.221,723.367,241.335,241.335
"897","19","2056","4","90","2",1105000,1063051,548.651,511.077,81.306,81.306
"898","19","2056","3","90","2",468,423.913,423.913,381.91,379.328,379.328
"899","19","2056","4","90","2",75,72.152,72.152,59.554,0,0
"900","19","2056","3","90","2",135,122.282,122.282,73.397,50.249,50.249
"901","19","2056","3","90","2",1704200,1543665,1543665,0,0,0
"902","19","2056","4","90","2",2963000,2850523,2850523,0,0,0
"903","19","2056","3","90","2",2630000,2382248,2382248,0,0,0
"904","19","2056","4","90","2",100,96.203,96.203,0,0,0
"905","19","2056","3","90","2",905.4,820.109,820.109,764.479,496.154,496.154
"906","19","2056","4","90","2",258,248.205,248.205,206.225,4.488,4.488
"907","19","2056","3","50","2",0,0,780,0,0,0
"908","19","2056","3","90","2",3110000,2817031,2037031,1337290,425.303,424.821
"909","19","2056","4","50","2",0,0,7206089,6122966,6122966,6122966
"910","19","2056","4","90","2",10890000,10476590,3270501,3145414,51.168,51.168
"911","19","2056","3","90","2",1500000,1358696,1358696,58.5,50.432,50.432
"912","19","2056","4","90","2",900,865.833,865.833,411.215,119.665,119.665
"913","19","2056","3","90","2",578,523.551,523.551,522.575,480.824,480.824
"914","19","2056","4","90","2",322,309.776,309.776,268.528,0,0
"915","19","2056","3","90","2",711,644.022,644.022,625.057,562.346,562.346
"916","19","2056","4","90","2",267.351,257.201,257.201,246.792,108.862,108.862
"917","19","2056","3","90","2",800,724.638,0,0,0,0
"918","19","2056","4","90","2",4e+06,3848150,0,0,0,0
"919","19","2056","3","50","2",0,0,7036900,7036900,7036900,7036900
"920","19","2056","3","90","2",11635000,10538959,491.191,328.403,314.526,314.526
"921","19","2056","4","50","2",0,0,11861000,11861000,11861000,11861000
"922","19","2056","4","90","2",18885000,18168082,560.326,41.613,41.613,41.613
"923","19","2056","3","90","2",2100000,1902175,2302175,2261801,1744117,1744117
"924","19","2056","4","90","2",20,19.24,19.24,12.96,0,0
"925","19","2056","3","90","2",125.2,113.41,3138410,3137246,2748850,2748850
"926","19","2056","3","91","2",25,25,0,0,0,0
"927","19","2056","4","90","2",970,933.18,933.18,917.404,294.161,294.161
"928","19","2056","3","90","2",1200119,1087065,1087065,466.096,466.096,466.096
"929","19","2056","4","90","2",2100000,2020279,2020279,0,0,0
"930","19","2056","3","50","2",550.833,550.833,1657498,1657498,0,0
"931","19","2056","3","90","2",465,421.196,1614531,1206289,1206289,1206289
"932","19","2056","4","50","2",0,0,13279510,13279510,0,0
"933","19","2056","4","90","2",1330000,1279510,0,0,0,0
"934","19","2056","3","90","2",250,226.449,526.449,524.188,372.163,372.163
"935","19","2056","4","90","2",150,144.305,144.305,108.395,2.918,2.918
"936","19","2056","3","90","2",2500000,2264494,0,0,0,0
"937","19","2056","4","90","2",2500000,2405094,0,0,0,0
"938","19","2056","3","90","2",100,90.579,90.579,0,0,0
"939","19","2056","3","90","2",2400000,2400000,2400000,2398335,108.966,108.966
"940","19","2056","4","90","2",16500000,15873622,14918872,12218898,155.375,155.375
"941","19","2106","3","90","1",21.204,21.204,21.204,0,0,0
"946","19","2106","3","90","2",0,106.269,106.269,92.988,92.988,92.988
"947","19","2106","3","90","2",270,241.918,241.918,0,0,0
"948","19","2106","3","90","2",12731288,11407099,11336299,9564729,7724073,7724073
"949","19","2106","3","90","2",32.512,32.512,32.512,0,0,0
"950","19","2106","3","91","2",0,0,70.8,63.965,26.831,26.831
"951","19","2106","4","90","2",2304119,2216649,2216649,986.988,43.833,43.833
"952","19","2106","3","90","1",96,96,94.1,74.931,74.931,74.931
"953","19","2106","3","90","1",0,0,1.9,0,0,0
"954","19","2106","3","90","1",4.8,4.8,27.393,23.002,23.002,23.002
"955","19","2106","3","90","1",33.6,33.6,43.36,41.154,41.154,41.154
"956","19","2106","3","90","1",300,300,464.542,426.206,426.206,426.206
"957","19","2056","4","90","2",7180000,7180000,3007204,3007204,2097760,2097760
"958","19","2056","3","90","2",2427154,2375913,30.001,11.646,11.646,11.646
"959","19","2056","4","50","2",0,0,1e+06,1e+06,1e+06,1e+06
"960","19","2056","4","90","2",0,0,1194000,1206854,77.741,77.741
"961","19","2056","3","90","2",100,97.888,17.296,2.296,2.296,2.296
"962","19","2056","3","90","2",2174080,2128180,1090260,1047693,223.496,223.496
"963","19","2056","4","50","2",0,0,21944675,21944676,0,0
"964","19","2056","4","90","2",32825920,32825920,1,0,0,0
"965","19","2056","3","90","2",11059903,10826403,11534955,11481771,7345154,7193365
"966","19","2056","4","90","2",1467967,1467967,589.083,587.421,3.285,3.285
"967","19","2056","3","90","2",500,489.443,110.599,110.767,110.767,110.767
"968","19","2056","4","90","2",500,500,95,97.207,0,0
"969","19","2056","3","90","2",1066500,1043983,528.236,527.13,431.113,427.146
"970","19","2056","4","90","2",714,714,105.08,1.529,0,0
"971","19","2056","3","90","2",11.7,11.452,5.519,5.211,3.952,3.952
"972","19","2056","4","90","2",362.5,362.5,6.25,6.007,6.007,6.007
"973","19","2056","3","90","2",1465612,1434674,0,0,0,0
"974","19","2056","4","90","2",2550760,2550760,0,0,0,0
"975","19","2056","3","90","2",2261800,2214048,0,0,0,0
"976","19","2056","4","90","2",86,86,0,0,0,0
"977","19","2056","3","90","2",2505300,2452407,991.878,977.619,672.629,672.629
"978","19","2056","4","90","2",1313000,1313000,145.791,75.521,34.848,34.848
"979","19","2056","3","90","2",1630000,1595586,400,233.795,162.28,162.146
"980","19","2056","4","90","2",7365400,7365400,2356314,2342400,11.145,11.145
"981","19","2056","3","50","2",0,0,476.505,476.505,476.505,476.505
"982","19","2056","3","90","2",1290000,1262765,587.385,564.385,199.615,190.87
"983","19","2056","4","90","2",774,774,0,0,0,0
"984","19","2056","3","90","2",1965000,1923514,1363173,1350767,1030141,1030141
"985","19","2056","4","90","2",1905500,1905500,595.91,455.586,455.586,455.586
"986","19","2056","3","90","2",1665300,1630141,719.231,690.348,579.561,579.561
"987","19","2056","4","90","2",1755800,1755800,446.736,138.933,66.15,66.15
"988","19","2056","3","90","2",100,97.888,0,0,0,0
"989","19","2056","3","50","2",11550000,11306152,1544590,1544590,1544590,1544590
"990","19","2056","3","90","2",7206000,7053864,2871517,2814939,2541887,2541887
"991","19","2056","4","50","2",20400000,20400000,7119793,7119793,7119793,7119793
"992","19","2056","4","90","2",30844000,30844000,64851302,57550434,26560034,21067685
"993","19","2056","3","90","2",4257900,4168005,2087557,2080768,1958313,1958313
"994","19","2056","4","90","2",829.6,829.6,122,0,0,0
"995","19","2056","3","90","2",1806700,1768562,704.572,703.178,581.553,581.553
"996","19","2056","3","91","2",63,63,5,5,0,0
"997","19","2056","4","90","2",1058600,1058600,1495446,1470580,54.585,54.585
"998","19","2056","3","50","2",383.3,375.209,0,0,0,0
"999","19","2056","3","90","2",611.4,598.491,116.828,116.828,116.828,116.828
"1000","19","2056","4","50","2",1770400,1770400,0,0,0,0
"1001","19","2056","4","90","2",73,73,0,0,0,0
"1002","19","2056","3","50","2",2073500,2029723,0,0,0,0
"1003","19","2056","3","90","2",10726000,10499549,3056440,3045783,2372867,2372867
"1004","19","2056","4","50","2",14563500,14563500,0,0,0,0
"1005","19","2056","4","90","2",31422000,31422000,16857958,12401444,8789805,8789805
"1006","19","2056","3","90","2",815.1,797.891,547.835,547.801,502.378,497.312
"1007","19","2056","4","90","2",457.7,457.7,62.099,14.099,8.449,8.449
"1008","19","2056","3","90","2",500,489.443,0,0,0,0
"1009","19","2056","3","90","2",100,97.888,0,0,0,0
"1010","19","2056","3","90","2",18159158,17775776,0,0,0,0
"1011","19","2056","4","90","2",18159159,18159159,0,0,0,0
"1012","19","2056","3","90","2",0,0,2e+06,0,0,0
"1013","19","2106","3","90","1",21.204,21.204,21.204,0,0,0
"1017","19","2106","3","90","2",100,97.889,97.889,60.011,60.011,60.011
"1018","19","2106","3","90","2",600,587.333,307.057,290.928,215.223,215.223
"1019","19","2106","3","90","2",9800000,9593099,9795042,9666879,8088918,8072227
"1020","19","2106","3","91","2",0,0,78.333,78.332,42.271,42.271
"1021","19","2106","4","90","2",9395026,9395026,8420338,5779782,59.575,59.575
"1022","19","2106","3","90","1",72.924,72.924,154.843,147.712,123.785,123.785
"1023","19","2106","3","90","1",0,0,16,15.903,15.903,15.903
"1024","19","2106","3","90","1",14.448,14.448,74.448,60.483,60.483,60.483
"1025","19","2106","3","90","1",44.736,44.736,64.736,59.665,59.665,59.665
"1026","19","2106","3","90","1",293.928,293.928,643.928,570.246,570.246,570.246
"1027","19","2056","4","90","2",4e+06,4e+06,3500000,3499934,175.268,158.302
"1028","19","2056","3","90","2",1174607,1046458,1010210,996.738,274.108,268.36
"1029","19","2056","4","50","2",0,0,5249642,5249642,5249642,5249642
"1030","19","2056","4","90","2",1025394,1025394,0,0,0,0
"1031","19","2056","3","90","2",1490404,1327801,1327801,1322656,512.613,512.613
"1032","19","2056","4","50","2",18174900,18174900,14702900,14702542,0,0
"1033","19","2056","3","90","2",10318660,9192895,17571143,17546884,9172237,8342069
"1034","19","2056","4","90","2",2084248,2084248,1939803,1936670,710.042,612.4
"1035","19","2056","3","90","2",200,178.18,178.18,175.803,152.676,147.176
"1036","19","2056","3","90","2",830,739.447,297.523,275.963,237.924,237.924
"1037","19","2056","4","90","2",242,242,241.93,241.93,0,0
"1038","19","2056","3","90","2",110,97.999,81.186,72.617,14.346,14.346
"1039","19","2056","4","90","2",115,115,54.216,54.215,14.496,14.496
"1040","19","2056","3","90","2",1500000,1336353,876.711,876.594,486.075,486.075
"1041","19","2056","4","90","2",800,800,1017475,1007363,475.63,475.63
"1042","19","2056","3","90","2",270.652,241.123,319.924,306.984,122.431,117.106
"1043","19","2056","4","90","2",1377803,1377803,690,690.519,14.405,14.405
"1044","19","2056","3","50","2",0,0,3222846,3222846,3222846,3222846
"1045","19","2056","3","90","2",3339897,2975514,6535368,6535367,6057233,5576347
"1046","19","2056","4","90","2",2003939,2003939,171.572,171.571,16.56,16.56
"1047","19","2056","3","90","2",1900000,1692710,1447037,1447036,1165074,1165074
"1048","19","2056","4","90","2",450,450,676.802,676.802,450,450
"1049","19","2056","3","90","2",1e+06,890.9,501.212,500.313,473.584,473.584
"1050","19","2056","4","90","2",1065000,1065000,1297126,1239335,442.814,442.814
"1051","19","2056","4","90","2",0,3e+06,0,0,0,0
"1052","19","2056","3","50","2",642.216,572.15,642.216,642.216,642.216,642.216
"1053","19","2056","3","90","2",10357784,9227751,7746297,7746238,2668787,2668787
"1054","19","2056","4","50","2",1971629,1971629,1971629,1971629,1971629,1971629
"1055","19","2056","4","90","2",29028371,29028371,16170272,16170271,5081534,4127767
"1056","19","2056","3","90","2",3058000,2724372,2104454,2103328,1843784,1843784
"1057","19","2056","4","90","2",690,690,46.967,46.966,0,0
"1058","19","2056","3","50","2",12,10.691,0,0,0,0
"1059","19","2056","3","90","2",948,844.576,839.595,838.576,469.198,469.198
"1060","19","2056","3","91","2",50,50,64.188,64.188,0,0
"1061","19","2056","4","90","2",760,760,1959794,1959793,562.876,562.876
"1062","19","2056","3","50","2",209,186.198,0,0,0,0
"1063","19","2056","3","90","2",111,98.889,110.283,110.282,110.282,110.282
"1064","19","2056","4","50","2",1400000,1400000,0,0,0,0
"1065","19","2056","4","90","2",0,0,679,679,0,0
"1066","19","2056","3","90","2",10950000,9755356,5237575,5237574,4967321,4967321
"1067","19","2056","3","91","2",0,0,792,792,792,792
"1068","19","2056","4","90","2",2.4e+07,2.4e+07,39929470,39928074,37578939,37578939
"1069","19","2056","3","90","2",800,712.72,574.458,574.457,499.923,499.923
"1070","19","2056","4","90","2",450,450,86.872,86.872,0,0
"1071","19","2056","3","90","2",400,356.36,0,0,0,0
"1072","19","2056","4","90","2",100,100,0,0,0,0
"1073","19","2056","3","90","2",7200000,6414481,4384481,4384481,0,0
"1074","19","2056","4","90","2",4800000,4800000,0,0,0,0
"1078","19","2106","3","90","1",55.051,55.051,56.051,54.57,54.57,50.124
"1079","19","2106","3","90","1",60.252,60.252,60.252,51.319,51.319,46.934
"1080","19","2106","3","90","1",614.448,614.448,605.448,520.621,520.621,477.569
"1081","19","2106","3","90","1",21.204,21.204,21.204,1.948,1.948,1.289
"1082","19","2106","3","90","2",150,133.635,133.635,33.959,33.959,30.869
"1083","19","2106","3","90","2",600,534.541,334.541,328.721,148.155,148.155
"1084","19","2106","3","80","2",0,0,9.489,9.49,9.49,9.49
"1085","19","2106","3","90","2",11120000,9906808,12280536,11985540,7819813,7812627
"1086","19","2106","3","91","2",100,100,41.783,41.783,25.356,25.356
"1087","19","2106","4","90","2",9330000,9330000,5905000,5894800,2640832,2640832
"1088","19","2106","3","90","1",121.668,121.668,129.668,129.474,127.526,122.049
"1089","19","2056","4","90","2",0,7e+06,0,0,0,0
"1090","19","2056","4","90","2",0,0,6146000,0,0,0
"1091","19","2056","4","90","6",0,300,300,0,0,0
"1092","19","2056","3","50","2",300,285,140,0,0,0
"1093","19","2056","3","90","2",300,285,60,0,0,0
"1094","19","2056","4","50","2",1418910,1347965,0,0,0,0
"1095","19","2056","4","90","2",450,427.5,0,0,0,0
"1096","19","2056","3","50","2",5e+06,4750000,4590000,3672000,0,0
"1097","19","2056","3","90","2",760,722,882,582.175,268.829,181.779
"1098","19","2056","4","50","2",13743000,13055850,14331315,1e+07,0,0
"1099","19","2056","3","50","2",0,0,85,0,0,0
"1100","19","2056","3","90","2",20922000,19875900,19608975,8134645,1855673,635.38
"1101","19","2056","4","50","2",0,0,72.5,0,0,0
"1102","19","2056","4","90","2",1078000,1024100,1449440,389.228,26.459,0
"1103","19","2056","3","90","2",150,142.5,344.425,278.314,80.946,80.946
"1104","19","2056","4","90","2",20,19,21.16,0,0,0
"1105","19","2056","3","90","2",982,932.9,932.9,522.211,248.99,247.454
"1106","19","2056","4","90","2",200,190,190,0,0,0
"1107","19","2056","3","90","2",124,117.8,117.8,71.431,29.195,29.195
"1108","19","2056","4","90","2",89,84.55,84.55,0,0,0
"1109","19","2056","3","90","2",1496000,1421200,1421200,864.054,312.181,312.181
"1110","19","2056","4","90","2",640,608.001,608.001,309.536,8.735,8.735
"1111","19","2056","3","90","2",1357080,1289226,1289226,164.437,44.945,43.189
"1112","19","2056","4","90","2",1172010,1113409,1113409,0,0,0
"1113","19","2056","3","50","2",1825000,1733750,2067620,333.871,333.871,333.871
"1114","19","2056","3","90","2",9350000,8882500,8248630,5910728,3743094,3717700
"1115","19","2056","4","90","2",1875000,1781250,1431250,12.539,0,0
"1116","19","2056","3","90","2",1528000,1451600,1451600,1185216,745.394,745.394
"1117","19","2056","4","90","2",615,584.25,740,157.311,0,0
"1118","19","2056","3","90","2",1095000,1040250,1040250,543.257,323.482,322.556
"1119","19","2056","4","90","2",861,817.95,662.2,0,0,0
"1120","19","2056","3","90","2",14050000,13621854,8021854,7037149,2841135,2654786
"1121","19","2056","4","90","2",6750000,6610584,12110584,10292134,1170067,1170067
"1122","19","2056","3","90","2",3414000,3309965,3309965,3069524,1694122,1693943
"1123","19","2056","3","90","2",1986000,1925482,2037835,1141767,506.611,505.079
"1124","19","2056","3","91","2",64,64,51.647,51.647,0,0
"1125","19","2056","4","90","2",1750000,1713858,1713858,24.144,6.75,6.75
"1126","19","2056","3","90","2",597,578.807,578.807,303.941,212.479,212.479
"1127","19","2056","4","90","2",1088000,1065528,1065528,0,0,0
"1128","19","2056","3","90","2",11236000,10893605,10873605,4306192,1932968,1932968
"1129","19","2056","4","90","2",28764000,28169904,28169904,25252574,0,0
"1130","19","2056","3","90","2",724,701.937,721.937,634.301,353.008,319.847
"1131","19","2056","4","90","2",439,429.932,429.932,253.687,16.132,16.132
"1132","19","2056","3","90","2",4384000,4164800,4164800,4164800,0,0
"1137","19","2106","3","90","1",58.812,58.812,58.812,57.78,42.163,42.163
"1138","19","2106","3","90","1",59.664,59.664,59.664,59.664,31.018,31.018
"1139","19","2106","3","90","1",542.856,542.856,542.856,523.244,345.962,345.962
"1140","19","2106","3","90","1",21.204,21.204,21.204,7.551,1.319,1.319
"1141","19","2106","3","90","2",163.5,155.325,155.325,38.1,8.572,8.572
"1142","19","2106","3","90","2",500,475,475,229.429,161.571,161.571
"1143","19","2106","3","80","2",0,0,2.962,2.962,2.962,2.962
"1144","19","2106","3","90","2",13837500,13145625,14103649,9003941,4896541,4895733
"1145","19","2106","3","91","2",400,400,89.014,89.014,40.413,40.413
"1146","19","2106","4","90","2",7715101,7329346,7679346,27.033,27.033,27.033
"1147","19","2106","3","90","1",147.708,147.708,147.708,143.084,90.631,90.631
